Test Event,Type,COI,MOE,Design Point,Sorter (Ignore),Maneuver Group,Scenario Inject Complexity,Time of Day,Focus Position,Cyber Compromise,MOP1,MOP2,MOP3,MOP4,MOP5,MOP6,MOP7,MOP8,MOP9,Survey Count,Event Type,Aircrew Flight Equipment
D1101,Demo,1,1,1,11.1,Log,None,Log,Log,Log,1,2,3,9,10,,,,,3,Aircraft,Cold Weather
V1101,Vary,1,1,1,11.1,Slow Flight,None,,Back,None,1,2,3,9,10,,,,,4,Aircraft,Normal
V1110,Vary,1,1,10,11.1,Aerobatics,None,,Back,None,1,2,3,9,10,,,,,4,Aircraft,Normal
V1102,Vary,1,1,2,11.2,Instrument,None,,Front,None,1,2,3,9,10,,,,,4,Aircraft,Normal
V1103,Vary,1,1,3,11.3,Slow Flight,None,,Front,None,1,2,3,9,10,,,,,4,Aircraft,Normal
V1104,Vary,1,1,4,11.4,Aircraft Handling Characteristics,None,,Front,None,1,2,3,9,10,,,,,4,Aircraft,Normal
V1105,Vary,1,1,5,11.5,Stall,None,,Front,None,1,2,3,9,10,,,,,4,Aircraft,Normal
V1106,Vary,1,1,6,11.6,Instrument,None,,Back,None,1,2,3,9,10,,,,,4,Aircraft,Normal
V1107,Vary,1,1,7,11.7,Aerobatics,None,,Front,None,1,2,3,9,10,,,,,4,Aircraft,Normal
V1108,Vary,1,1,8,11.8,Aircraft Handling Characteristics,None,,Back,None,1,2,3,9,10,,,,,4,Aircraft,Normal
V1109,Vary,1,1,9,11.9,Stall,None,,Back,None,1,2,3,9,10,,,,,4,Aircraft,Normal
D1201,Demo,1,2,1,12.1,Radar Approach,None,,Log,Log,2,3,9,10,11,,,,,1,Aircraft,
V1201,Vary,1,2,1,12.1,SFO Approach,None,Day,Back,None,2,3,9,10,11,,,,,2,Aircraft,
V1210,Vary,1,2,10,12.1,Precision Approach,None,Night,Front,None,2,3,9,10,11,,,,,2,Aircraft,
V1211,Vary,1,2,11,12.11,Precision Approach,None,Night,Back,None,2,3,9,10,11,,,,,2,Aircraft,
V1212,Vary,1,2,12,12.12,Straight-In (Visual) Approach,None,Day,Back,None,2,3,9,10,11,,,,,2,Aircraft,
V1213,Vary,1,2,13,12.13,Precision Approach,None,Day,Front,None,2,3,9,10,11,,,,,2,Aircraft,
V1214,Vary,1,2,14,12.14,Straight-In (Visual) Approach,None,Night,Back,None,2,3,9,10,11,,,,,2,Aircraft,
V1215,Vary,1,2,15,12.15,Overhead Approach,None,Day,Back,None,2,3,9,10,11,,,,,2,Aircraft,
V1216,Vary,1,2,16,12.16,Overhead Approach,None,Night,Front,None,2,3,9,10,11,,,,,2,Aircraft,
V1217,Vary,1,2,17,12.17,Straight-In (Visual) Approach,None,Night,Front,None,2,3,9,10,11,,,,,2,Aircraft,
V1218,Vary,1,2,18,12.18,SFO Approach,None,Day,Front,None,2,3,9,10,11,,,,,2,Aircraft,
D1202,Demo,1,2,2,12.2,Log,None,Log,Log,Log,2,3,9,10,11,,,,,1,Aircraft,
V1202,Vary,1,2,2,12.2,Non-Precision Approach,None,Night,Front,None,2,3,9,10,11,,,,,2,Aircraft,
D1203,Demo,1,2,3,12.3,Log,None,Log,Log,Log,2,3,9,10,11,,,,,1,Aircraft,
V1203,Vary,1,2,3,12.3,Straight-In (Visual) Approach,None,Day,Front,None,2,3,9,10,11,,,,,2,Aircraft,
D1204,Demo,1,2,4,12.4,Log,None,Log,Log,Log,2,3,9,10,11,,,,,1,Aircraft,
V1204,Vary,1,2,4,12.4,Overhead Approach,None,Night,Back,None,2,3,9,10,11,,,,,2,Aircraft,
D1205,Demo,1,2,5,12.5,Log,None,Log,Log,Log,2,3,9,10,11,,,,,1,Aircraft,
V1205,Vary,1,2,5,12.5,Non-Precision Approach,None,Day,Front,None,2,3,9,10,11,,,,,2,Aircraft,
D1206,Demo,1,2,6,12.6,Log,None,Log,Log,Log,2,3,9,10,11,,,,,1,Aircraft,
V1206,Vary,1,2,6,12.6,Overhead Approach,None,Day,Front,None,2,3,9,10,11,,,,,2,Aircraft,
V1207,Vary,1,2,7,12.7,Precision Approach,None,Day,Back,None,2,3,9,10,11,,,,,2,Aircraft,
V1208,Vary,1,2,8,12.8,Non-Precision Approach,None,Night,Back,None,2,3,9,10,11,,,,,2,Aircraft,
V1209,Vary,1,2,9,12.9,Non-Precision Approach,None,Day,Back,None,2,3,9,10,11,,,,,2,Aircraft,
L1301,Log,1,3,1,13.1,Log,None,,Log,Log,2,3,9,10,11,,,,,1,Aircraft,
V1301,Vary,1,3,1,13.1,SID,None,Day,Back,None,2,3,9,10,11,,,,,2,Aircraft,
V1310,Vary,1,3,10,13.1,Vectors,None,Night,Front,None,2,3,9,10,11,,,,,2,Aircraft,
V1311,Vary,1,3,11,13.11,Vectors,None,Night,Back,None,2,3,9,10,11,,,,,2,Aircraft,
V1312,Vary,1,3,12,13.12,Star,None,Day,Front,None,2,3,9,10,11,,,,,2,Aircraft,
V1302,Vary,1,3,2,13.2,SID,None,Night,Front,None,2,3,9,10,11,,,,,2,Aircraft,
V1303,Vary,1,3,3,13.3,Vectors,None,Day,Front,None,2,3,9,10,11,,,,,2,Aircraft,
V1304,Vary,1,3,4,13.4,Vectors,None,Day,Back,None,2,3,9,10,11,,,,,2,Aircraft,
V1305,Vary,1,3,5,13.5,Star,None,Night,Back,None,2,3,9,10,11,,,,,2,Aircraft,
V1306,Vary,1,3,6,13.6,SID,None,Night,Back,None,2,3,9,10,11,,,,,2,Aircraft,
V1307,Vary,1,3,7,13.7,SID,None,Day,Front,None,2,3,9,10,11,,,,,2,Aircraft,
V1308,Vary,1,3,8,13.8,Star,None,Night,Front,None,2,3,9,10,11,,,,,2,Aircraft,
V1309,Vary,1,3,9,13.9,Star,None,Day,Back,None,2,3,9,10,11,,,,,2,Aircraft,
L2101,Log,2,1,1,21.1,AAR Formation,None,Log,Log,Log,1,2,3,4,5,9,10,,,1,Aircraft,
V2101,Vary,2,1,1,21.1,Low Level,None,,Front,None,1,2,3,4,5,9,10,,,4,Aircraft,
L2102,Log,2,1,2,21.2,Log,None,Log,Log,Log,1,2,3,4,5,9,10,,,1,Aircraft,
V2102,Vary,2,1,2,21.2,Advanced Formation,None,,Back,None,1,2,3,4,5,9,10,,,4,Aircraft,
L2103,Log,2,1,3,21.3,Log,None,Log,Log,Log,1,2,3,4,5,9,10,,,1,Aircraft,
V2103,Vary,2,1,3,21.3,LASDT,None,,Back,None,1,2,3,4,5,9,10,,,4,Aircraft,
V2104,Vary,2,1,4,21.4,Advanced Formation,None,,Front,None,1,2,3,4,5,9,10,,,4,Aircraft,
V2105,Vary,2,1,5,21.5,Basic Formation,None,,Back,None,1,2,3,4,5,9,10,,,4,Aircraft,
V2106,Vary,2,1,6,21.6,LASDT,None,,Front,None,1,2,3,4,5,9,10,,,4,Aircraft,
V2107,Vary,2,1,7,21.7,Basic Formation,None,,Front,None,1,2,3,4,5,9,10,,,4,Aircraft,
V2108,Vary,2,1,8,21.8,Low Level,None,,Back,None,1,2,3,4,5,9,10,,,4,Aircraft,
L2201,Log,2,2,1,22.1,WSO - Offensive BFM,None,Log,Log,Log,2,3,4,5,6,7,8,9,,4,Aircraft,
V2201,Vary,2,2,1,22.1,Tactical Intercept,None,,Front,None,2,3,4,5,6,7,8,9,,4,Aircraft,
V2210,Vary,2,2,10,22.1,High Aspect BFM,None,,Back,None,2,3,4,5,6,7,8,9,,4,Aircraft,
V2211,Vary,2,2,11,22.11,Offensive BFM,None,,Back,None,2,3,4,5,6,7,8,9,,4,Aircraft,
V2212,Vary,2,2,12,22.12,LASDT,None,,Front,None,2,3,4,5,6,7,8,9,,4,Aircraft,
L2202,Log,2,2,2,22.2,WSO - Defensive BFM,None,Log,Log,Log,2,3,4,5,6,7,8,9,,1,Aircraft,
L2203,Log,2,2,3,22.3,WSO - High Aspect BFM,None,Log,Log,Log,2,3,4,5,6,7,8,9,,1,Aircraft,
V2203,Vary,2,2,3,22.3,Tactical Intercept,None,,Back,None,2,3,4,5,6,7,8,9,,4,Aircraft,
L2204,Log,2,2,4,22.4,WSO - ACM,None,,Log,Log,2,3,4,5,6,7,8,9,,1,Aircraft,
V2204,Vary,2,2,4,22.4,Defensive BFM,None,,Front,None,2,3,4,5,6,7,8,9,,4,Aircraft,
L2205,Log,2,2,5,22.5,WSO - Tactical Intercept,None,Log,Log,Log,2,3,4,5,6,7,8,9,,1,Aircraft,
V2205,Vary,2,2,5,22.5,LASDT,None,,Back,None,2,3,4,5,6,7,8,9,,4,Aircraft,
L2206,Log,2,2,6,22.6,WSO - LASDT,None,Log,Log,Log,2,3,4,5,6,7,8,9,,1,Aircraft,
V2206,Vary,2,2,6,22.6,Defensive BFM,None,,Back,None,2,3,4,5,6,7,8,9,,4,Aircraft,
V2207,Vary,2,2,7,22.7,ACM,None,,Back,None,2,3,4,5,6,7,8,9,,4,Aircraft,
V2208,Vary,2,2,8,22.8,ACM,None,,Front,None,2,3,4,5,6,7,8,9,,4,Aircraft,
V2209,Vary,2,2,9,22.9,High Aspect BFM,None,,Front,None,2,3,4,5,6,7,8,9,,4,Aircraft,
L2301,Log,2,3,1,23.1,Log,None,Log,Log,Log,2,3,4,5,6,7,8,,,1,Aircraft,
V2301,Vary,2,3,1,23.1,SA - Pop,None,,Back,None,2,3,4,5,6,7,8,,,4,Aircraft,
V2302,Vary,2,3,2,23.2,BSA - Container,None,,Front,None,2,3,4,5,6,7,8,,,4,Aircraft,
V2303,Vary,2,3,3,23.3,SA - Pop,None,,Front,None,2,2,2,2,2,2,2,,,4,Aircraft,
V2304,Vary,2,3,4,23.4,WSO - SA - Container,None,,Back,None,2,3,4,5,6,7,8,,,4,Aircraft,
V2305,Vary,2,3,5,23.5,WSO - SA - Pop,None,,Back,None,2,3,4,5,6,7,8,,,4,Aircraft,
V2306,Vary,2,3,6,23.6,BSA - Container,None,,Back,None,2,3,4,5,6,7,8,,,4,Aircraft,
L2401,Log,2,4,1,24.1,WSO - Tactical Intercept,None,Log,Log,Log,2,3,4,5,6,7,8,9,,1,Aircraft,
V2401,Vary,2,4,1,24.1,OCA,Medium,,Front,None,2,3,4,5,6,7,8,9,,3,Aircraft,
V2410,Vary,2,4,10,24.1,Tactical Intercept,Medium,,Back,None,2,3,4,5,6,7,8,9,,3,Aircraft,
V2411,Vary,2,4,11,24.11,DCA,High,,Back,None,2,3,4,5,6,7,8,9,,3,Aircraft,
V2412,Vary,2,4,12,24.12,OCA,High,,Front,None,2,3,4,5,6,7,8,9,,3,Aircraft,
V2413,Vary,2,4,13,24.13,OCA,Low,,Back,None,2,3,4,5,6,7,8,9,,3,Aircraft,
V2414,Vary,2,4,14,24.14,DCA,Low,,Back,None,2,3,4,5,6,7,8,9,,3,Aircraft,
V2415,Vary,2,4,15,24.15,DCA,Medium,,Front,None,2,3,4,5,6,7,8,9,,3,Aircraft,
V2416,Vary,2,4,16,24.16,OCA,Low,,Front,None,2,3,4,5,6,7,8,9,,3,Aircraft,
V2417,Vary,2,4,17,24.17,Tactical Intercept,Low,,Back,None,2,3,4,5,6,7,8,9,,3,Aircraft,
V2418,Vary,2,4,18,24.18,Tactical Intercept,Low,,Front,None,2,3,4,5,6,7,8,9,,3,Aircraft,
L2402,Log,2,4,2,24.2,WSO - OCA,None,Log,Log,Log,2,3,4,5,6,7,8,9,,1,Aircraft,
V2402,Vary,2,4,2,24.2,Tactical Intercept,High,,Front,None,2,3,4,5,6,7,8,9,,3,Aircraft,
L2403,Log,2,4,3,24.3,WSO - DCA,None,Log,Log,Log,2,3,4,5,6,7,8,9,,1,Aircraft,
V2403,Vary,2,4,3,24.3,Tactical Intercept,High,,Back,None,2,3,4,5,6,7,8,9,,3,Aircraft,
L2404,Log,2,4,4,24.4,Log,None,Log,Log,Log,2,3,4,5,6,7,8,9,,1,Aircraft,
V2404,Vary,2,4,4,24.4,Tactical Intercept,High,,Front,None,2,3,4,5,6,7,8,9,,3,Aircraft,
L2405,Log,2,4,5,24.5,Log,None,Log,Log,Log,2,3,4,5,6,7,8,9,,1,Aircraft,
V2405,Vary,2,4,5,24.5,DCA,Low,,Front,None,2,3,4,5,6,7,8,9,,3,Aircraft,
L2406,Log,2,4,6,24.6,Log,None,Log,Log,Log,2,3,4,5,6,7,8,9,,1,Aircraft,
V2406,Vary,2,4,6,24.6,OCA,High,,Back,None,2,3,4,5,6,7,8,9,,3,Aircraft,
V2407,Vary,2,4,7,24.7,OCA,Medium,,Back,None,2,3,4,5,6,7,8,9,,3,Aircraft,
V2408,Vary,2,4,8,24.8,DCA,Medium,,Back,None,2,3,4,5,6,7,8,9,,3,Aircraft,
V2409,Vary,2,4,9,24.9,DCA,High,,Front,None,2,3,4,5,6,7,8,9,,3,Aircraft,
L2501,Log,2,5,1,25.1,WSO - SAT,Log,Log,Log,Log,2,3,4,5,6,7,8,9,,1,Aircraft,
V2501,Vary,2,5,1,25.1,CAS,High,,Front,None,2,3,4,5,6,7,8,9,,3,Aircraft,
V2510,Vary,2,5,10,25.1,SAT,Low,,Back,None,2,3,4,5,6,7,8,9,,3,Aircraft,
V2511,Vary,2,5,11,25.11,SAT,Medium,,Front,None,2,3,4,5,6,7,8,9,,3,Aircraft,
V2512,Vary,2,5,12,25.12,SAT,Medium,,Back,None,2,3,4,5,6,7,8,9,,3,Aircraft,
V2513,Vary,2,5,13,25.13,SAT,High,,Front,None,2,3,4,5,6,7,8,9,,3,Aircraft,
V2514,Vary,2,5,14,25.14,CAS,Medium,,Front,None,2,3,4,5,6,7,8,9,,3,Aircraft,
V2515,Vary,2,5,15,25.15,CAS,Low,,Back,None,2,3,4,5,6,7,8,9,,3,Aircraft,
V2516,Vary,2,5,16,25.16,LATF,Medium,,Back,None,2,3,4,5,6,7,8,9,,3,Aircraft,
V2517,Vary,2,5,17,25.17,CAS,High,,Back,None,2,3,4,5,6,7,8,9,,3,Aircraft,
V2518,Vary,2,5,18,25.18,LATF,Low,,Back,None,2,3,4,5,6,7,8,9,,3,Aircraft,
L2502,Log,2,5,2,25.2,WSO - CAS,Log,Log,Log,Log,2,3,4,5,6,7,8,9,,1,Aircraft,
V2502,Vary,2,5,2,25.2,SAT,Low,,Front,None,2,3,4,5,6,7,8,9,,3,Aircraft,
L2503,Log,2,5,3,25.3,WSO - LATF,Log,Log,Log,Log,2,3,4,5,6,7,8,9,,1,Aircraft,
V2503,Vary,2,5,3,25.3,LATF,Low,,Front,None,2,3,4,5,6,7,8,9,,3,Aircraft,
L2504,Log,2,5,4,25.4,Log,Log,Log,Log,Log,2,3,4,5,6,7,8,9,,1,Aircraft,
V2504,Vary,2,5,4,25.4,LATF,High,,Front,None,2,3,4,5,6,7,8,9,,3,Aircraft,
L2505,Log,2,5,5,25.5,Log,Log,Log,Log,Log,2,3,4,5,6,7,8,9,,1,Aircraft,
V2505,Vary,2,5,5,25.5,LATF,Medium,,Front,None,2,3,4,5,6,7,8,9,,3,Aircraft,
L2506,Log,2,5,6,25.6,Log,Log,Log,Log,Log,2,3,4,5,6,7,8,9,,1,Aircraft,
V2506,Vary,2,5,6,25.6,LATF,High,,Back,None,2,3,4,5,6,7,8,9,,3,Aircraft,
V2507,Vary,2,5,7,25.7,CAS,Medium,,Back,None,2,3,4,5,6,7,8,9,,3,Aircraft,
V2508,Vary,2,5,8,25.8,CAS,Low,,Front,None,2,3,4,5,6,7,8,9,,3,Aircraft,
V2509,Vary,2,5,9,25.9,SAT,High,,Back,None,2,3,4,5,6,7,8,9,,3,Aircraft,
L3101,Log,3,1,1,31.1,Log,None,Log,Log,Log,12,14,15,16,,,,,,1,Simulator,
V3101,Vary,3,1,1,31.1,Aerobatics,None,,UTD,None,12,14,15,16,,,,,,7,Simulator,
V3110,Vary,3,1,10,31.1,Slow Flight,None,,WST,None,12,14,15,16,,,,,,7,Simulator,
V3111,Vary,3,1,11,31.11,Instrument,None,,WST,None,12,14,15,16,,,,,,7,Simulator,
V3112,Vary,3,1,12,31.12,Aerobatics,None,,OFT,None,12,14,15,16,,,,,,7,Simulator,
V3113,Vary,3,1,13,31.13,Advanced Formation,None,,WST,None,12,14,15,16,,,,,,7,Simulator,
V3114,Vary,3,1,14,31.14,Low Level,None,,WST,None,12,14,15,16,,,,,,7,Simulator,
V3115,Vary,3,1,15,31.15,Low Level,None,,UTD,None,12,14,15,16,,,,,,7,Simulator,
V3116,Vary,3,1,16,31.16,Instrument,None,,OFT,None,12,14,15,16,,,,,,7,Simulator,
V3117,Vary,3,1,17,31.17,Aircraft Handling,None,,UTD,None,12,14,15,16,,,,,,7,Simulator,
V3118,Vary,3,1,18,31.18,Slow Flight,None,,OFT,None,12,14,15,16,,,,,,7,Simulator,
V3119,Vary,3,1,19,31.19,Stall,None,,UTD,None,12,14,15,16,,,,,,7,Simulator,
L3102,Log,3,1,2,31.2,Log,None,Log,Log,Log,12,14,15,16,,,,,,1,Simulator,
V3102,Vary,3,1,2,31.2,Basic Formation,None,,OFT,None,12,14,15,16,,,,,,7,Simulator,
V3120,Vary,3,1,20,31.2,AAR,None,,WST,None,12,14,15,16,,,,,,7,Simulator,
V3121,Vary,3,1,21,31.21,Aircraft Handling,None,,WST,None,12,14,15,16,,,,,,7,Simulator,
V3122,Vary,3,1,22,31.22,Stall,None,,WST,None,12,14,15,16,,,,,,7,Simulator,
V3123,Vary,3,1,23,31.23,Slow Flight,None,,UTD,None,12,14,15,16,,,,,,7,Simulator,
V3124,Vary,3,1,24,31.24,Advanced Formation,None,,OFT,None,12,14,15,16,,,,,,7,Simulator,
V3125,Vary,3,1,25,31.25,LASDT,None,,OFT,None,12,14,15,16,,,,,,7,Simulator,
V3126,Vary,3,1,26,31.26,Stall,None,,OFT,None,12,14,15,16,,,,,,7,Simulator,
V3127,Vary,3,1,27,31.27,Basic Formation,None,,WST,None,12,14,15,16,,,,,,7,Simulator,
V3128,Vary,3,1,28,31.28,AAR,None,,OFT,None,12,14,15,16,,,,,,7,Simulator,
L3103,Log,3,1,3,31.3,Log,None,Log,Log,Log,12,14,15,16,,,,,,1,Simulator,
V3103,Vary,3,1,3,31.3,Aircraft Handling,None,,OFT,None,12,14,15,16,,,,,,7,Simulator,
L3104,Log,3,1,4,31.4,Log,None,Log,Log,Log,12,14,15,16,,,,,,1,Simulator,
V3104,Vary,3,1,4,31.4,LASDT,None,,UTD,None,12,14,15,16,,,,,,7,Simulator,
L3105,Log,3,1,5,31.5,Log,None,Log,Log,Log,12,14,15,16,,,,,,1,Simulator,
V3105,Vary,3,1,5,31.5,Aerobatics,None,,WST,None,12,14,15,16,,,,,,7,Simulator,
V3106,Vary,3,1,6,31.6,Low Level,None,,OFT,None,12,14,15,16,,,,,,7,Simulator,
V3107,Vary,3,1,7,31.7,AAR,None,,UTD,None,12,14,15,16,,,,,,7,Simulator,
V3108,Vary,3,1,8,31.8,Instrument,None,,UTD,None,12,14,15,16,,,,,,7,Simulator,
V3109,Vary,3,1,9,31.9,LASDT,None,,WST,None,12,14,15,16,,,,,,7,Simulator,
L3201,Log,3,2,1,32.1,Radar Approach,None,Log,Log,Log,12,14,15,16,,,,,,1,Simulator,Log
V3201,Vary,3,2,1,32.1,Straight-In (Visual) Approach,None,Night,WST,None,12,14,15,16,,,,,,3,Simulator,
V3210,Vary,3,2,10,32.1,Precision Approach,None,Day,OFT,None,12,14,15,16,,,,,,3,Simulator,
V3211,Vary,3,2,11,32.11,SFO Approach,None,Night,PTT,None,12,14,15,16,,,,,,3,Simulator,
V3212,Vary,3,2,12,32.12,Precision Approach,None,Day,UTD,None,12,14,15,16,,,,,,3,Simulator,
V3213,Vary,3,2,13,32.13,SFO Approach,None,Night,WST,None,12,14,15,16,,,,,,3,Simulator,
V3214,Vary,3,2,14,32.14,Straight-In (Visual) Approach,None,Day,PTT,None,12,14,15,16,,,,,,3,Simulator,
V3215,Vary,3,2,15,32.15,SFO Approach,None,Day,PTT,None,12,14,15,16,,,,,,3,Simulator,
V3216,Vary,3,2,16,32.16,Overhead Approach,None,Day,UTD,None,12,14,15,16,,,,,,3,Simulator,
V3217,Vary,3,2,17,32.17,Precision Approach,None,Night,PTT,None,12,14,15,16,,,,,,3,Simulator,
V3218,Vary,3,2,18,32.18,Precision Approach,None,Day,PTT,None,12,14,15,16,,,,,,3,Simulator,
V3219,Vary,3,2,19,32.19,Precision Approach,None,Day,WST,None,12,14,15,16,,,,,,3,Simulator,
L3202,Log,3,2,2,32.2,Log,None,Log,Log,Log,12,14,15,16,,,,,,1,Simulator,Log
V3202,Vary,3,2,2,32.2,Non-Precision Approach,None,Night,WST,None,12,14,15,16,,,,,,3,Simulator,
V3220,Vary,3,2,20,32.2,Precision Approach,None,Night,UTD,None,12,14,15,16,,,,,,3,Simulator,
V3221,Vary,3,2,21,32.21,Overhead Approach,None,Day,PTT,None,12,14,15,16,,,,,,3,Simulator,
V3222,Vary,3,2,22,32.22,Overhead Approach,None,Night,PTT,None,12,14,15,16,,,,,,3,Simulator,
V3223,Vary,3,2,23,32.23,Non-Precision Approach,None,Day,PTT,None,12,14,15,16,,,,,,3,Simulator,
V3224,Vary,3,2,24,32.24,SFO Approach,None,Day,UTD,None,12,14,15,16,,,,,,3,Simulator,
V3225,Vary,3,2,25,32.25,SFO Approach,None,Night,OFT,None,12,14,15,16,,,,,,3,Simulator,
V3226,Vary,3,2,26,32.26,Non-Precision Approach,None,Day,OFT,None,12,14,15,16,,,,,,3,Simulator,
V3227,Vary,3,2,27,32.27,Straight-In (Visual) Approach,None,Night,UTD,None,12,14,15,16,,,,,,3,Simulator,
V3228,Vary,3,2,28,32.28,Non-Precision Approach,None,Night,PTT,None,12,14,15,16,,,,,,3,Simulator,
V3229,Vary,3,2,29,32.29,Precision Approach,None,Night,WST,None,12,14,15,16,,,,,,3,Simulator,
L3203,Log,3,2,3,32.3,Log,None,Log,Log,Log,12,14,15,16,,,,,,1,Simulator,Log
V3203,Vary,3,2,3,32.3,SFO Approach,None,Night,UTD,None,12,14,15,16,,,,,,3,Simulator,
V3230,Vary,3,2,30,32.3,Straight-In (Visual) Approach,None,Night,PTT,None,12,14,15,16,,,,,,3,Simulator,
V3231,Vary,3,2,31,32.31,Overhead Approach,None,Day,OFT,None,12,14,15,16,,,,,,3,Simulator,
V3232,Vary,3,2,32,32.32,Straight-In (Visual) Approach,None,Night,OFT,None,12,14,15,16,,,,,,3,Simulator,
V3233,Vary,3,2,33,32.33,Non-Precision Approach,None,Night,UTD,None,12,14,15,16,,,,,,3,Simulator,
V3234,Vary,3,2,34,32.34,SFO Approach,None,Day,OFT,None,12,14,15,16,,,,,,3,Simulator,
V3235,Vary,3,2,35,32.35,Precision Approach,None,Night,OFT,None,12,14,15,16,,,,,,3,Simulator,
V3236,Vary,3,2,36,32.36,Overhead Approach,None,Night,UTD,None,12,14,15,16,,,,,,3,Simulator,
V3237,Vary,3,2,37,32.37,Straight-In (Visual) Approach,None,Day,OFT,None,12,14,15,16,,,,,,3,Simulator,
V3238,Vary,3,2,38,32.38,Non-Precision Approach,None,Day,WST,None,12,14,15,16,,,,,,3,Simulator,
V3239,Vary,3,2,39,32.39,Overhead Approach,None,Night,WST,None,12,14,15,16,,,,,,3,Simulator,
L3204,Log,3,2,4,32.4,Log,None,Log,Log,Log,12,14,15,16,,,,,,1,Simulator,Log
V3204,Vary,3,2,4,32.4,Overhead Approach,None,Night,OFT,None,12,14,15,16,,,,,,3,Simulator,
V3240,Vary,3,2,40,32.4,Non-Precision Approach,None,Night,OFT,None,12,14,15,16,,,,,,3,Simulator,
L3205,Log,3,2,5,32.5,Log,None,Log,Log,Log,12,14,15,16,,,,,,1,Simulator,Log
V3205,Vary,3,2,5,32.5,Straight-In (Visual) Approach,None,Day,UTD,None,12,14,15,16,,,,,,3,Simulator,
L3206,Log,3,2,6,32.6,Log,None,Log,Log,Log,12,14,15,16,,,,,,1,Simulator,Log
V3206,Vary,3,2,6,32.6,Straight-In (Visual) Approach,None,Day,WST,None,12,14,15,16,,,,,,3,Simulator,
L3207,Log,3,2,7,32.7,Log,None,Log,Log,Log,12,14,15,16,,,,,,1,Simulator,Log
V3207,Vary,3,2,7,32.7,Non-Precision Approach,None,Day,UTD,None,12,14,15,16,,,,,,3,Simulator,
L3208,Log,3,2,8,32.8,Log,None,Log,Log,Log,12,14,15,16,,,,,,1,Simulator,Log
V3208,Vary,3,2,8,32.8,SFO Approach,None,Day,WST,None,12,14,15,16,,,,,,3,Simulator,
L3209,Log,3,2,9,32.9,Log,None,Log,Log,Log,12,14,15,16,,,,,,1,Simulator,Log
V3209,Vary,3,2,9,32.9,Overhead Approach,None,Day,WST,None,12,14,15,16,,,,,,3,Simulator,
L3301,Log,3,3,1,33.1,Log,None,Log,Log,Log,6,7,8,12,14,,,,,3,Simulator,
V3301,Vary,3,3,1,33.1,Star,None,Day,UTD,None,6,7,8,12,14,,,,,3,Simulator,
V3310,Vary,3,3,10,33.1,Vectors,None,Day,PTT,None,6,7,8,12,14,,,,,3,Simulator,
V3311,Vary,3,3,11,33.11,SID,None,Night,PTT,None,6,7,8,12,14,,,,,3,Simulator,
V3312,Vary,3,3,12,33.12,Star,None,Night,OFT,None,6,7,8,12,14,,,,,3,Simulator,
V3313,Vary,3,3,13,33.13,Vectors,None,Day,OFT,None,6,7,8,12,14,,,,,3,Simulator,
V3314,Vary,3,3,14,33.14,Vectors,None,Night,WST,None,6,7,8,12,14,,,,,3,Simulator,
V3315,Vary,3,3,15,33.15,SID,None,Night,OFT,None,6,7,8,12,14,,,,,3,Simulator,
V3316,Vary,3,3,16,33.16,SID,None,Day,UTD,None,6,7,8,12,14,,,,,3,Simulator,
V3317,Vary,3,3,17,33.17,Vectors,None,Night,OFT,None,6,7,8,12,14,,,,,3,Simulator,
V3318,Vary,3,3,18,33.18,SID,None,Day,PTT,None,6,7,8,12,14,,,,,3,Simulator,
V3319,Vary,3,3,19,33.19,Star,None,Day,PTT,None,6,7,8,12,14,,,,,3,Simulator,
V3320,Vary,3,3,20,33.2,Star,None,Day,WST,None,6,7,8,12,14,,,,,3,Simulator,
V3321,Vary,3,3,21,33.21,SID,None,Night,UTD,None,6,7,8,12,14,,,,,3,Simulator,
V3322,Vary,3,3,22,33.22,Star,None,Night,PTT,None,6,7,8,12,14,,,,,3,Simulator,
V3323,Vary,3,3,23,33.23,Vectors,None,Night,UTD,None,6,7,8,12,14,,,,,3,Simulator,
V3324,Vary,3,3,24,33.24,SID,None,Day,WST,None,6,7,8,12,14,,,,,3,Simulator,
V3303,Vary,3,3,3,33.3,SID,None,Night,WST,None,6,7,8,12,14,,,,,3,Simulator,
V3304,Vary,3,3,4,33.4,Vectors,None,Day,WST,None,6,7,8,12,14,,,,,3,Simulator,
V3305,Vary,3,3,5,33.5,SID,None,Day,OFT,None,6,7,8,12,14,,,,,3,Simulator,
V3306,Vary,3,3,6,33.6,Vectors,None,Night,PTT,None,6,7,8,12,14,,,,,3,Simulator,
V3307,Vary,3,3,7,33.7,Star,None,Night,WST,None,6,7,8,12,14,,,,,3,Simulator,
V3308,Vary,3,3,8,33.8,Star,None,Night,UTD,None,6,7,8,12,14,,,,,3,Simulator,
V3309,Vary,3,3,9,33.9,Star,None,Day,OFT,None,6,7,8,12,14,,,,,3,Simulator,
L3401,Log,3,4,1,34.1,OCA,None,,Log,Log,6,7,8,12,14,15,,,,1,Simulator,
V3401,Vary,3,4,1,34.1,Offensive BFM,None,,WST,None,6,7,8,12,14,15,,,,5,Simulator,
L3410,Log,3,4,10,34.1,WSO - DCA,None,,Log,Log,6,7,8,12,14,15,,,,1,Simulator,
V3410,Vary,3,4,10,34.1,ACM,None,,UTD,None,6,7,8,12,14,15,,,,5,Simulator,
L3411,Log,3,4,11,34.11,Log,None,,Log,Log,6,7,8,12,14,15,,,,1,Simulator,
V3411,Vary,3,4,11,34.11,Tactical Intercept,None,,WST,None,6,7,8,12,14,15,,,,5,Simulator,
L3412,Log,3,4,12,34.12,Log,None,,Log,Log,6,7,8,12,14,15,,,,1,Simulator,
V3412,Vary,3,4,12,34.12,Tactical Intercept,None,,OFT,None,6,7,8,12,14,15,,,,5,Simulator,
L3413,Log,3,4,13,34.13,Log,None,,Log,Log,6,7,8,12,14,15,,,,1,Simulator,
V3413,Vary,3,4,13,34.13,Tactical Intercept,None,,UTD,None,6,7,8,12,14,15,,,,5,Simulator,
L3414,Log,3,4,14,34.14,Log,None,,Log,Log,6,7,8,12,14,15,,,,1,Simulator,
V3414,Vary,3,4,14,34.14,LASDT,None,,WST,None,6,7,8,12,14,15,,,,5,Simulator,
L3415,Log,3,4,15,34.15,Log,None,,Log,Log,6,7,8,12,14,15,,,,1,Simulator,
V3415,Vary,3,4,15,34.15,LASDT,None,,OFT,None,6,7,8,12,14,15,,,,5,Simulator,
V3416,Vary,3,4,16,34.16,LASDT,None,,UTD,None,6,7,8,12,14,15,,,,5,Simulator,
L3402,Log,3,4,2,34.2,DCA,None,,Log,Log,6,7,8,12,14,15,,,,1,Simulator,
V3402,Vary,3,4,2,34.2,Offensive BFM,None,,OFT,None,6,7,8,12,14,15,,,,5,Simulator,
L3403,Log,3,4,3,34.3,WSO - Offensive BFM,None,,Log,Log,6,7,8,12,14,15,,,,1,Simulator,
V3403,Vary,3,4,3,34.3,Defensive BFM,None,,WST,None,6,7,8,12,14,15,,,,5,Simulator,
L3404,Log,3,4,4,34.4,WSO - Defensive BFM,None,,Log,Log,6,7,8,12,14,15,,,,1,Simulator,
V3404,Vary,3,4,4,34.4,Defensive BFM,None,,OFT,None,6,7,8,12,14,15,,,,5,Simulator,
L3405,Log,3,4,5,34.5,WSO - High Aspect BFM,None,,Log,Log,6,7,8,12,14,15,,,,1,Simulator,
V3405,Vary,3,4,5,34.5,High Aspect BFM,None,,WST,None,6,7,8,12,14,15,,,,5,Simulator,
L3406,Log,3,4,6,34.6,WSO - ACM,None,,Log,Log,6,7,8,12,14,15,,,,1,Simulator,
V3406,Vary,3,4,6,34.6,High Aspect BFM,None,,OFT,None,6,7,8,12,14,15,,,,5,Simulator,
L3407,Log,3,4,7,34.7,WSO - Tactical Intercept,None,,Log,Log,6,7,8,12,14,15,,,,1,Simulator,
V3407,Vary,3,4,7,34.7,High Aspect BFM,None,,UTD,None,6,7,8,12,14,15,,,,5,Simulator,
L3408,Log,3,4,8,34.8,WSO - LASDT,None,,Log,Log,6,7,8,12,14,15,,,,1,Simulator,
V3408,Vary,3,4,8,34.8,ACM,None,,WST,None,6,7,8,12,14,15,,,,5,Simulator,
L3409,Log,3,4,9,34.9,WSO - OCA,None,,Log,Log,6,7,8,12,14,15,,,,1,Simulator,
V3409,Vary,3,4,9,34.9,ACM,None,,OFT,None,6,7,8,12,14,15,,,,5,Simulator,
L3501,Log,3,5,1,35.1,WSO - BSA - Container,None,,Log,Log,1,12,20,21,22,,,,,1,Simulator,
V3501,Vary,3,5,1,35.1,BSA - Container,None,,WST,None,1,12,20,21,22,,,,,5,Simulator,
L3510,Log,3,5,10,35.1,Log,None,,Log,Log,1,12,20,21,22,,,,,1,Simulator,
V3510,Vary,3,5,10,35.1,CAS,None,,WST,None,1,12,20,21,22,,,,,5,Simulator,
V3511,Vary,3,5,11,35.11,CAS,None,,OFT,None,1,12,20,21,22,,,,,5,Simulator,
V3512,Vary,3,5,12,35.12,CAS,None,,UTD,None,1,12,20,21,22,,,,,5,Simulator,
V3513,Vary,3,5,13,35.13,LATF,None,,WST,None,1,12,20,21,22,,,,,5,Simulator,
V3514,Vary,3,5,14,35.14,LATF,None,,OFT,None,1,12,20,21,22,,,,,5,Simulator,
V3515,Vary,3,5,15,35.15,LATF,None,,UTD,None,1,12,20,21,22,,,,,5,Simulator,
L3502,Log,3,5,2,35.2,WSO - SA - Pop,None,,Log,Log,1,12,20,21,22,,,,,1,Simulator,
V3502,Vary,3,5,2,35.2,BSA - Container,None,,OFT,None,1,12,20,21,22,,,,,5,Simulator,
L3503,Log,3,5,3,35.3,WSO - SAT,None,,Log,Log,1,12,20,21,22,,,,,1,Simulator,
V3503,Vary,3,5,3,35.3,BSA - Container,None,,UTD,None,1,12,20,21,22,,,,,5,Simulator,
L3504,Log,3,5,4,35.4,WSO - CAS,None,,Log,Log,1,12,20,21,22,,,,,1,Simulator,
V3504,Vary,3,5,4,35.4,SA - Pop,None,,WST,None,1,12,20,21,22,,,,,5,Simulator,
L3505,Log,3,5,5,35.5,WSO - LATF,None,,Log,Log,1,12,20,21,22,,,,,1,Simulator,
V3505,Vary,3,5,5,35.5,SA - Pop,None,,OFT,None,1,12,20,21,22,,,,,5,Simulator,
L3506,Log,3,5,6,35.6,Log,None,,Log,Log,1,12,20,21,22,,,,,1,Simulator,
V3506,Vary,3,5,6,35.6,SA - Pop,None,,UTD,None,1,12,20,21,22,,,,,5,Simulator,
L3507,Log,3,5,7,35.7,Log,None,,Log,Log,1,12,20,21,22,,,,,1,Simulator,
V3507,Vary,3,5,7,35.7,SAT,None,,WST,None,1,12,20,21,22,,,,,5,Simulator,
L3508,Log,3,5,8,35.8,Log,None,,Log,Log,1,12,20,21,22,,,,,1,Simulator,
V3508,Vary,3,5,8,35.8,SAT,None,,OFT,None,1,12,20,21,22,,,,,5,Simulator,
L3509,Log,3,5,9,35.9,Log,None,,Log,Log,1,12,20,21,22,,,,,1,Simulator,
V3509,Vary,3,5,9,35.9,SAT,None,,UTD,None,1,12,20,21,22,,,,,5,Simulator,
L4101,Log,4,1,1,41.1,,None,,,Log,2,3,4,5,6,7,8,9,10,1,Simulator,
L4102,Log,4,1,2,41.2,,None,,,Log,2,3,4,5,6,7,8,9,10,1,Simulator,
L4103,Log,4,1,3,41.3,,None,,,Log,2,3,4,5,6,7,8,9,10,1,Simulator,
L4104,Log,4,1,4,41.4,,None,,,Log,2,3,4,5,6,7,8,9,10,1,Simulator,
L5201,Log,5,2,1,52.1,,None,,,,22,24,28,29,31,,,,,1,Simulator,
L5202,Log,5,2,2,52.2,,None,,,,22,24,28,29,31,,,,,1,Simulator,